[
{
  "model": "admin.logentry",
  "pk": 1,
  "fields": {
    "action_time": "2024-08-06T04:05:02.378Z",
    "user": 1,
    "content_type": 7,
    "object_id": "1",
    "object_repr": "Who is Linus Torvald?",
    "action_flag": 1,
    "change_message": "[{\"added\": {}}]"
  }
},
{
  "model": "admin.logentry",
  "pk": 2,
  "fields": {
    "action_time": "2024-08-08T21:36:17.286Z",
    "user": 1,
    "content_type": 7,
    "object_id": "2",
    "object_repr": "Django for the impatient",
    "action_flag": 1,
    "change_message": "[{\"added\": {}}]"
  }
},
{
  "model": "admin.logentry",
  "pk": 3,
  "fields": {
    "action_time": "2024-08-14T14:53:16.020Z",
    "user": 1,
    "content_type": 7,
    "object_id": "1",
    "object_repr": "Who is Linus Torvald?",
    "action_flag": 2,
    "change_message": "[{\"changed\": {\"fields\": [\"Status\"]}}]"
  }
},
{
  "model": "admin.logentry",
  "pk": 4,
  "fields": {
    "action_time": "2024-08-20T13:33:40.437Z",
    "user": 2,
    "content_type": 7,
    "object_id": "3",
    "object_repr": "The Growing Popularity of Esports",
    "action_flag": 1,
    "change_message": "[{\"added\": {}}]"
  }
},
{
  "model": "admin.logentry",
  "pk": 5,
  "fields": {
    "action_time": "2024-08-20T13:34:06.861Z",
    "user": 2,
    "content_type": 7,
    "object_id": "4",
    "object_repr": "The Art of Public Speaking",
    "action_flag": 1,
    "change_message": "[{\"added\": {}}]"
  }
},
{
  "model": "admin.logentry",
  "pk": 6,
  "fields": {
    "action_time": "2024-08-20T13:34:25.008Z",
    "user": 2,
    "content_type": 7,
    "object_id": "5",
    "object_repr": "Understanding Climate Change",
    "action_flag": 1,
    "change_message": "[{\"added\": {}}]"
  }
},
{
  "model": "admin.logentry",
  "pk": 7,
  "fields": {
    "action_time": "2024-08-20T13:34:47.451Z",
    "user": 2,
    "content_type": 7,
    "object_id": "6",
    "object_repr": "The Benefits of Urban Gardening",
    "action_flag": 1,
    "change_message": "[{\"added\": {}}]"
  }
},
{
  "model": "admin.logentry",
  "pk": 8,
  "fields": {
    "action_time": "2024-08-20T13:35:07.099Z",
    "user": 2,
    "content_type": 7,
    "object_id": "7",
    "object_repr": "The Rise of Electric Vehicles",
    "action_flag": 1,
    "change_message": "[{\"added\": {}}]"
  }
},
{
  "model": "admin.logentry",
  "pk": 9,
  "fields": {
    "action_time": "2024-08-20T13:35:30.009Z",
    "user": 2,
    "content_type": 7,
    "object_id": "8",
    "object_repr": "The Importance of Mental Health Awareness",
    "action_flag": 1,
    "change_message": "[{\"added\": {}}]"
  }
},
{
  "model": "admin.logentry",
  "pk": 10,
  "fields": {
    "action_time": "2024-08-20T13:35:48.848Z",
    "user": 2,
    "content_type": 7,
    "object_id": "9",
    "object_repr": "How to Cook the Perfect Steak",
    "action_flag": 1,
    "change_message": "[{\"added\": {}}]"
  }
},
{
  "model": "admin.logentry",
  "pk": 11,
  "fields": {
    "action_time": "2024-08-20T13:36:07.760Z",
    "user": 2,
    "content_type": 7,
    "object_id": "10",
    "object_repr": "The Evolution of Smartphones",
    "action_flag": 1,
    "change_message": "[{\"added\": {}}]"
  }
},
{
  "model": "admin.logentry",
  "pk": 12,
  "fields": {
    "action_time": "2024-08-20T13:36:26.642Z",
    "user": 2,
    "content_type": 7,
    "object_id": "11",
    "object_repr": "Sustainable Fashion: A New Trend",
    "action_flag": 1,
    "change_message": "[{\"added\": {}}]"
  }
},
{
  "model": "admin.logentry",
  "pk": 13,
  "fields": {
    "action_time": "2024-08-20T13:36:48.184Z",
    "user": 2,
    "content_type": 7,
    "object_id": "12",
    "object_repr": "he Art of Minimalist Living",
    "action_flag": 1,
    "change_message": "[{\"added\": {}}]"
  }
},
{
  "model": "admin.logentry",
  "pk": 14,
  "fields": {
    "action_time": "2024-08-20T13:37:10.495Z",
    "user": 2,
    "content_type": 7,
    "object_id": "13",
    "object_repr": "Exploring the Wonders of Space",
    "action_flag": 1,
    "change_message": "[{\"added\": {}}]"
  }
},
{
  "model": "admin.logentry",
  "pk": 15,
  "fields": {
    "action_time": "2024-08-20T13:37:30.568Z",
    "user": 2,
    "content_type": 7,
    "object_id": "14",
    "object_repr": "The Future of Remote Work",
    "action_flag": 1,
    "change_message": "[{\"added\": {}}]"
  }
},
{
  "model": "admin.logentry",
  "pk": 16,
  "fields": {
    "action_time": "2024-08-20T13:37:49.169Z",
    "user": 2,
    "content_type": 7,
    "object_id": "15",
    "object_repr": "The Impact of Social Media on Society",
    "action_flag": 1,
    "change_message": "[{\"added\": {}}]"
  }
},
{
  "model": "admin.logentry",
  "pk": 17,
  "fields": {
    "action_time": "2024-08-20T13:38:10.508Z",
    "user": 2,
    "content_type": 7,
    "object_id": "16",
    "object_repr": "The Science Behind Healthy Eating",
    "action_flag": 1,
    "change_message": "[{\"added\": {}}]"
  }
},
{
  "model": "admin.logentry",
  "pk": 18,
  "fields": {
    "action_time": "2024-08-20T13:38:29.842Z",
    "user": 2,
    "content_type": 7,
    "object_id": "17",
    "object_repr": "The Role of Technology in Education",
    "action_flag": 1,
    "change_message": "[{\"added\": {}}]"
  }
},
{
  "model": "admin.logentry",
  "pk": 19,
  "fields": {
    "action_time": "2024-08-28T16:46:34.209Z",
    "user": 2,
    "content_type": 8,
    "object_id": "2",
    "object_repr": "Comment by Uthman on The Impact of Social Media on Society",
    "action_flag": 2,
    "change_message": "[{\"changed\": {\"fields\": [\"Active\"]}}]"
  }
},
{
  "model": "admin.logentry",
  "pk": 20,
  "fields": {
    "action_time": "2024-09-01T11:15:09.765Z",
    "user": 2,
    "content_type": 7,
    "object_id": "5",
    "object_repr": "Understanding Climate Change",
    "action_flag": 2,
    "change_message": "[{\"changed\": {\"fields\": [\"Body\"]}}]"
  }
},
{
  "model": "admin.logentry",
  "pk": 21,
  "fields": {
    "action_time": "2024-09-01T11:15:54.722Z",
    "user": 2,
    "content_type": 7,
    "object_id": "5",
    "object_repr": "Understanding Climate Change",
    "action_flag": 2,
    "change_message": "[{\"changed\": {\"fields\": [\"Status\"]}}]"
  }
},
{
  "model": "admin.logentry",
  "pk": 22,
  "fields": {
    "action_time": "2024-09-02T08:34:21.411Z",
    "user": 2,
    "content_type": 7,
    "object_id": "1",
    "object_repr": "Who is Linus Torvald?",
    "action_flag": 2,
    "change_message": "[]"
  }
},
{
  "model": "admin.logentry",
  "pk": 23,
  "fields": {
    "action_time": "2024-09-02T08:34:43.831Z",
    "user": 2,
    "content_type": 7,
    "object_id": "3",
    "object_repr": "The Growing Popularity of Esports",
    "action_flag": 2,
    "change_message": "[{\"changed\": {\"fields\": [\"Tags\"]}}]"
  }
},
{
  "model": "admin.logentry",
  "pk": 24,
  "fields": {
    "action_time": "2024-09-02T08:34:55.999Z",
    "user": 2,
    "content_type": 7,
    "object_id": "14",
    "object_repr": "The Future of Remote Work",
    "action_flag": 2,
    "change_message": "[{\"changed\": {\"fields\": [\"Tags\"]}}]"
  }
},
{
  "model": "admin.logentry",
  "pk": 25,
  "fields": {
    "action_time": "2024-09-02T08:35:10.002Z",
    "user": 2,
    "content_type": 7,
    "object_id": "17",
    "object_repr": "The Role of Technology in Education",
    "action_flag": 2,
    "change_message": "[{\"changed\": {\"fields\": [\"Tags\"]}}]"
  }
},
{
  "model": "admin.logentry",
  "pk": 26,
  "fields": {
    "action_time": "2024-09-02T08:35:25.251Z",
    "user": 2,
    "content_type": 7,
    "object_id": "1",
    "object_repr": "Who is Linus Torvald?",
    "action_flag": 2,
    "change_message": "[]"
  }
},
{
  "model": "admin.logentry",
  "pk": 27,
  "fields": {
    "action_time": "2024-09-02T08:35:41.145Z",
    "user": 2,
    "content_type": 7,
    "object_id": "4",
    "object_repr": "The Art of Public Speaking",
    "action_flag": 2,
    "change_message": "[{\"changed\": {\"fields\": [\"Tags\"]}}]"
  }
},
{
  "model": "admin.logentry",
  "pk": 28,
  "fields": {
    "action_time": "2024-09-02T08:35:53.947Z",
    "user": 2,
    "content_type": 7,
    "object_id": "1",
    "object_repr": "Who is Linus Torvald?",
    "action_flag": 2,
    "change_message": "[]"
  }
},
{
  "model": "admin.logentry",
  "pk": 29,
  "fields": {
    "action_time": "2024-09-02T08:36:15.177Z",
    "user": 2,
    "content_type": 7,
    "object_id": "16",
    "object_repr": "The Science Behind Healthy Eating",
    "action_flag": 2,
    "change_message": "[{\"changed\": {\"fields\": [\"Tags\"]}}]"
  }
},
{
  "model": "admin.logentry",
  "pk": 30,
  "fields": {
    "action_time": "2024-09-02T08:36:28.461Z",
    "user": 2,
    "content_type": 7,
    "object_id": "8",
    "object_repr": "The Importance of Mental Health Awareness",
    "action_flag": 2,
    "change_message": "[{\"changed\": {\"fields\": [\"Tags\"]}}]"
  }
},
{
  "model": "admin.logentry",
  "pk": 31,
  "fields": {
    "action_time": "2024-09-03T21:37:28.559Z",
    "user": 2,
    "content_type": 7,
    "object_id": "18",
    "object_repr": "Markdown post",
    "action_flag": 1,
    "change_message": "[{\"added\": {}}]"
  }
},
{
  "model": "admin.logentry",
  "pk": 32,
  "fields": {
    "action_time": "2024-09-03T21:39:01.244Z",
    "user": 2,
    "content_type": 7,
    "object_id": "18",
    "object_repr": "Markdown post",
    "action_flag": 2,
    "change_message": "[{\"changed\": {\"fields\": [\"Body\"]}}]"
  }
},
{
  "model": "admin.logentry",
  "pk": 33,
  "fields": {
    "action_time": "2024-09-05T11:24:36.494Z",
    "user": 2,
    "content_type": 11,
    "object_id": "1",
    "object_repr": "http://127.0.0.1:8000/",
    "action_flag": 2,
    "change_message": "[{\"changed\": {\"fields\": [\"Domain name\", \"Display name\"]}}]"
  }
},
{
  "model": "auth.permission",
  "pk": 1,
  "fields": {
    "name": "Can add log entry",
    "content_type": 1,
    "codename": "add_logentry"
  }
},
{
  "model": "auth.permission",
  "pk": 2,
  "fields": {
    "name": "Can change log entry",
    "content_type": 1,
    "codename": "change_logentry"
  }
},
{
  "model": "auth.permission",
  "pk": 3,
  "fields": {
    "name": "Can delete log entry",
    "content_type": 1,
    "codename": "delete_logentry"
  }
},
{
  "model": "auth.permission",
  "pk": 4,
  "fields": {
    "name": "Can view log entry",
    "content_type": 1,
    "codename": "view_logentry"
  }
},
{
  "model": "auth.permission",
  "pk": 5,
  "fields": {
    "name": "Can add permission",
    "content_type": 2,
    "codename": "add_permission"
  }
},
{
  "model": "auth.permission",
  "pk": 6,
  "fields": {
    "name": "Can change permission",
    "content_type": 2,
    "codename": "change_permission"
  }
},
{
  "model": "auth.permission",
  "pk": 7,
  "fields": {
    "name": "Can delete permission",
    "content_type": 2,
    "codename": "delete_permission"
  }
},
{
  "model": "auth.permission",
  "pk": 8,
  "fields": {
    "name": "Can view permission",
    "content_type": 2,
    "codename": "view_permission"
  }
},
{
  "model": "auth.permission",
  "pk": 9,
  "fields": {
    "name": "Can add group",
    "content_type": 3,
    "codename": "add_group"
  }
},
{
  "model": "auth.permission",
  "pk": 10,
  "fields": {
    "name": "Can change group",
    "content_type": 3,
    "codename": "change_group"
  }
},
{
  "model": "auth.permission",
  "pk": 11,
  "fields": {
    "name": "Can delete group",
    "content_type": 3,
    "codename": "delete_group"
  }
},
{
  "model": "auth.permission",
  "pk": 12,
  "fields": {
    "name": "Can view group",
    "content_type": 3,
    "codename": "view_group"
  }
},
{
  "model": "auth.permission",
  "pk": 13,
  "fields": {
    "name": "Can add user",
    "content_type": 4,
    "codename": "add_user"
  }
},
{
  "model": "auth.permission",
  "pk": 14,
  "fields": {
    "name": "Can change user",
    "content_type": 4,
    "codename": "change_user"
  }
},
{
  "model": "auth.permission",
  "pk": 15,
  "fields": {
    "name": "Can delete user",
    "content_type": 4,
    "codename": "delete_user"
  }
},
{
  "model": "auth.permission",
  "pk": 16,
  "fields": {
    "name": "Can view user",
    "content_type": 4,
    "codename": "view_user"
  }
},
{
  "model": "auth.permission",
  "pk": 17,
  "fields": {
    "name": "Can add content type",
    "content_type": 5,
    "codename": "add_contenttype"
  }
},
{
  "model": "auth.permission",
  "pk": 18,
  "fields": {
    "name": "Can change content type",
    "content_type": 5,
    "codename": "change_contenttype"
  }
},
{
  "model": "auth.permission",
  "pk": 19,
  "fields": {
    "name": "Can delete content type",
    "content_type": 5,
    "codename": "delete_contenttype"
  }
},
{
  "model": "auth.permission",
  "pk": 20,
  "fields": {
    "name": "Can view content type",
    "content_type": 5,
    "codename": "view_contenttype"
  }
},
{
  "model": "auth.permission",
  "pk": 21,
  "fields": {
    "name": "Can add session",
    "content_type": 6,
    "codename": "add_session"
  }
},
{
  "model": "auth.permission",
  "pk": 22,
  "fields": {
    "name": "Can change session",
    "content_type": 6,
    "codename": "change_session"
  }
},
{
  "model": "auth.permission",
  "pk": 23,
  "fields": {
    "name": "Can delete session",
    "content_type": 6,
    "codename": "delete_session"
  }
},
{
  "model": "auth.permission",
  "pk": 24,
  "fields": {
    "name": "Can view session",
    "content_type": 6,
    "codename": "view_session"
  }
},
{
  "model": "auth.permission",
  "pk": 25,
  "fields": {
    "name": "Can add post",
    "content_type": 7,
    "codename": "add_post"
  }
},
{
  "model": "auth.permission",
  "pk": 26,
  "fields": {
    "name": "Can change post",
    "content_type": 7,
    "codename": "change_post"
  }
},
{
  "model": "auth.permission",
  "pk": 27,
  "fields": {
    "name": "Can delete post",
    "content_type": 7,
    "codename": "delete_post"
  }
},
{
  "model": "auth.permission",
  "pk": 28,
  "fields": {
    "name": "Can view post",
    "content_type": 7,
    "codename": "view_post"
  }
},
{
  "model": "auth.permission",
  "pk": 29,
  "fields": {
    "name": "Can add comment",
    "content_type": 8,
    "codename": "add_comment"
  }
},
{
  "model": "auth.permission",
  "pk": 30,
  "fields": {
    "name": "Can change comment",
    "content_type": 8,
    "codename": "change_comment"
  }
},
{
  "model": "auth.permission",
  "pk": 31,
  "fields": {
    "name": "Can delete comment",
    "content_type": 8,
    "codename": "delete_comment"
  }
},
{
  "model": "auth.permission",
  "pk": 32,
  "fields": {
    "name": "Can view comment",
    "content_type": 8,
    "codename": "view_comment"
  }
},
{
  "model": "auth.permission",
  "pk": 33,
  "fields": {
    "name": "Can add tag",
    "content_type": 9,
    "codename": "add_tag"
  }
},
{
  "model": "auth.permission",
  "pk": 34,
  "fields": {
    "name": "Can change tag",
    "content_type": 9,
    "codename": "change_tag"
  }
},
{
  "model": "auth.permission",
  "pk": 35,
  "fields": {
    "name": "Can delete tag",
    "content_type": 9,
    "codename": "delete_tag"
  }
},
{
  "model": "auth.permission",
  "pk": 36,
  "fields": {
    "name": "Can view tag",
    "content_type": 9,
    "codename": "view_tag"
  }
},
{
  "model": "auth.permission",
  "pk": 37,
  "fields": {
    "name": "Can add tagged item",
    "content_type": 10,
    "codename": "add_taggeditem"
  }
},
{
  "model": "auth.permission",
  "pk": 38,
  "fields": {
    "name": "Can change tagged item",
    "content_type": 10,
    "codename": "change_taggeditem"
  }
},
{
  "model": "auth.permission",
  "pk": 39,
  "fields": {
    "name": "Can delete tagged item",
    "content_type": 10,
    "codename": "delete_taggeditem"
  }
},
{
  "model": "auth.permission",
  "pk": 40,
  "fields": {
    "name": "Can view tagged item",
    "content_type": 10,
    "codename": "view_taggeditem"
  }
},
{
  "model": "auth.permission",
  "pk": 41,
  "fields": {
    "name": "Can add site",
    "content_type": 11,
    "codename": "add_site"
  }
},
{
  "model": "auth.permission",
  "pk": 42,
  "fields": {
    "name": "Can change site",
    "content_type": 11,
    "codename": "change_site"
  }
},
{
  "model": "auth.permission",
  "pk": 43,
  "fields": {
    "name": "Can delete site",
    "content_type": 11,
    "codename": "delete_site"
  }
},
{
  "model": "auth.permission",
  "pk": 44,
  "fields": {
    "name": "Can view site",
    "content_type": 11,
    "codename": "view_site"
  }
},
{
  "model": "auth.user",
  "pk": 1,
  "fields": {
    "password": "pbkdf2_sha256$720000$fHcr57gcJ4Tdlghdnod7Eh$MBUKFSw27s8Kk0WfdiA8mGFyk6OQo9Qs6bSjLdtwXvw=",
    "last_login": "2024-08-06T04:01:18.822Z",
    "is_superuser": true,
    "username": "admin",
    "first_name": "",
    "last_name": "",
    "email": "admin@gmail.com",
    "is_staff": true,
    "is_active": true,
    "date_joined": "2024-08-06T04:00:18.800Z",
    "groups": [],
    "user_permissions": []
  }
},
{
  "model": "auth.user",
  "pk": 2,
  "fields": {
    "password": "pbkdf2_sha256$720000$84CbqxZRX2dwzBzcbTxOKy$nfMeGS76I1viklbCjdkGLTAr/aPL8HQg/QkMpXMi7eY=",
    "last_login": "2024-09-03T21:34:46.961Z",
    "is_superuser": true,
    "username": "Yusuff",
    "first_name": "",
    "last_name": "",
    "email": "hakeemyusuff19@gmail.com",
    "is_staff": true,
    "is_active": true,
    "date_joined": "2024-08-20T13:32:24.047Z",
    "groups": [],
    "user_permissions": []
  }
},
{
  "model": "sessions.session",
  "pk": "1jokmsj9xwngs7rc9dfrhxoe5gaf40m0",
  "fields": {
    "session_data": ".eJxVjMEOwiAQRP-FsyGwgAsevfsNBNiNVA0kpT0Z_9026UHnOO_NvEVM61LjOniOE4mLAHH67XIqT247oEdq9y5Lb8s8Zbkr8qBD3jrx63q4fwc1jbqtz8VoFbJBtMo7sAaUSwzKIFMBtwW9JVLZahdIo8cSPGbKhthbYPH5AqP6Nrk:1slbAk:a4qURxNsX1k33De0b2ytMgRQGFMG4WYDCvThJ4omEAQ",
    "expire_date": "2024-09-17T21:34:46.966Z"
  }
},
{
  "model": "sessions.session",
  "pk": "ag88b9dabef7mrfee6i8sbudtkf34wws",
  "fields": {
    "session_data": ".eJxVjMEOwiAQRP-FsyGwgAsevfsNBNiNVA0kpT0Z_9026UHnOO_NvEVM61LjOniOE4mLAHH67XIqT247oEdq9y5Lb8s8Zbkr8qBD3jrx63q4fwc1jbqtz8VoFbJBtMo7sAaUSwzKIFMBtwW9JVLZahdIo8cSPGbKhthbYPH5AqP6Nrk:1sgOya:MfPCh-16Mxzv8qNyqF2BMAXY_IbbTlCax582v3YzvSM",
    "expire_date": "2024-09-03T13:32:44.760Z"
  }
},
{
  "model": "sessions.session",
  "pk": "ro2xb9i2nraqlw6g9dl96uonq8e36fq1",
  "fields": {
    "session_data": ".eJxVjMsOgjAQRf-la9M4MKXFpXu-gcyrghpIKKyM_64kLHR7zzn35Xra1qHfii39qO7iwJ1-NyZ52LQDvdN0m73M07qM7HfFH7T4blZ7Xg_372CgMnzraIqEYMbRclPlgFwTpFqgbVMrdZPknESwUYrIkBE0ZubAEDBQpe79AfmfOGQ:1sbBNu:dm6SVSv0Z0POnZ2YMicSy64pU6N3jgRcQLgEPiyodvY",
    "expire_date": "2024-08-20T04:01:18.827Z"
  }
},
{
  "model": "sites.site",
  "pk": 1,
  "fields": {
    "domain": "http://127.0.0.1:8000/",
    "name": "http://127.0.0.1:8000/"
  }
},
{
  "model": "taggit.tag",
  "pk": 1,
  "fields": {
    "name": "django",
    "slug": "django"
  }
},
{
  "model": "taggit.tag",
  "pk": 2,
  "fields": {
    "name": "music",
    "slug": "music"
  }
},
{
  "model": "taggit.tag",
  "pk": 3,
  "fields": {
    "name": "jazz",
    "slug": "jazz"
  }
},
{
  "model": "taggit.tag",
  "pk": 4,
  "fields": {
    "name": "climate",
    "slug": "climate"
  }
},
{
  "model": "taggit.tag",
  "pk": 5,
  "fields": {
    "name": "markdown",
    "slug": "markdown"
  }
},
{
  "model": "taggit.taggeditem",
  "pk": 2,
  "fields": {
    "tag": 2,
    "content_type": 7,
    "object_id": 1
  }
},
{
  "model": "taggit.taggeditem",
  "pk": 3,
  "fields": {
    "tag": 3,
    "content_type": 7,
    "object_id": 1
  }
},
{
  "model": "taggit.taggeditem",
  "pk": 4,
  "fields": {
    "tag": 4,
    "content_type": 7,
    "object_id": 1
  }
},
{
  "model": "taggit.taggeditem",
  "pk": 5,
  "fields": {
    "tag": 1,
    "content_type": 7,
    "object_id": 3
  }
},
{
  "model": "taggit.taggeditem",
  "pk": 6,
  "fields": {
    "tag": 2,
    "content_type": 7,
    "object_id": 3
  }
},
{
  "model": "taggit.taggeditem",
  "pk": 7,
  "fields": {
    "tag": 3,
    "content_type": 7,
    "object_id": 3
  }
},
{
  "model": "taggit.taggeditem",
  "pk": 8,
  "fields": {
    "tag": 2,
    "content_type": 7,
    "object_id": 14
  }
},
{
  "model": "taggit.taggeditem",
  "pk": 9,
  "fields": {
    "tag": 1,
    "content_type": 7,
    "object_id": 17
  }
},
{
  "model": "taggit.taggeditem",
  "pk": 10,
  "fields": {
    "tag": 3,
    "content_type": 7,
    "object_id": 17
  }
},
{
  "model": "taggit.taggeditem",
  "pk": 11,
  "fields": {
    "tag": 2,
    "content_type": 7,
    "object_id": 4
  }
},
{
  "model": "taggit.taggeditem",
  "pk": 12,
  "fields": {
    "tag": 3,
    "content_type": 7,
    "object_id": 4
  }
},
{
  "model": "taggit.taggeditem",
  "pk": 13,
  "fields": {
    "tag": 4,
    "content_type": 7,
    "object_id": 4
  }
},
{
  "model": "taggit.taggeditem",
  "pk": 14,
  "fields": {
    "tag": 1,
    "content_type": 7,
    "object_id": 16
  }
},
{
  "model": "taggit.taggeditem",
  "pk": 15,
  "fields": {
    "tag": 2,
    "content_type": 7,
    "object_id": 16
  }
},
{
  "model": "taggit.taggeditem",
  "pk": 16,
  "fields": {
    "tag": 3,
    "content_type": 7,
    "object_id": 16
  }
},
{
  "model": "taggit.taggeditem",
  "pk": 17,
  "fields": {
    "tag": 4,
    "content_type": 7,
    "object_id": 16
  }
},
{
  "model": "taggit.taggeditem",
  "pk": 18,
  "fields": {
    "tag": 2,
    "content_type": 7,
    "object_id": 8
  }
},
{
  "model": "taggit.taggeditem",
  "pk": 19,
  "fields": {
    "tag": 4,
    "content_type": 7,
    "object_id": 8
  }
},
{
  "model": "taggit.taggeditem",
  "pk": 20,
  "fields": {
    "tag": 5,
    "content_type": 7,
    "object_id": 18
  }
},
{
  "model": "blogApp.post",
  "pk": 1,
  "fields": {
    "title": "Who is Linus Torvald?",
    "slug": "who-is-linus-torvald",
    "author": 1,
    "body": "Linus Torvald is the creator and one of the maintainer of the Linux system",
    "publish": "2024-08-06T04:04:53Z",
    "created": "2024-08-06T04:05:02.373Z",
    "updated": "2024-09-02T08:35:53.929Z",
    "status": "PB"
  }
},
{
  "model": "blogApp.post",
  "pk": 2,
  "fields": {
    "title": "Django for the impatient",
    "slug": "django-for-the-impatient",
    "author": 1,
    "body": "Django4 for the impatient is a good book for learning django by building a movie app",
    "publish": "2024-08-08T21:27:13Z",
    "created": "2024-08-08T21:36:17.285Z",
    "updated": "2024-08-08T21:36:17.285Z",
    "status": "PB"
  }
},
{
  "model": "blogApp.post",
  "pk": 3,
  "fields": {
    "title": "The Growing Popularity of Esports",
    "slug": "the-growing-popularity-of-esports",
    "author": 2,
    "body": "Esports is no longer just a niche interest; it’s a global phenomenon. This article explores the rise of competitive gaming, the major players in the industry, and what the future holds for esports.",
    "publish": "2024-08-20T13:32:51Z",
    "created": "2024-08-20T13:33:40.436Z",
    "updated": "2024-09-02T08:34:43.803Z",
    "status": "PB"
  }
},
{
  "model": "blogApp.post",
  "pk": 4,
  "fields": {
    "title": "The Art of Public Speaking",
    "slug": "the-art-of-public-speaking",
    "author": 2,
    "body": "Public speaking is a skill that can be learned and perfected. This post offers tips on how to overcome stage fright, engage your audience, and deliver impactful speeches.",
    "publish": "2024-08-20T13:33:40Z",
    "created": "2024-08-20T13:34:06.859Z",
    "updated": "2024-09-02T08:35:41.119Z",
    "status": "PB"
  }
},
{
  "model": "blogApp.post",
  "pk": 5,
  "fields": {
    "title": "Understanding Climate Change",
    "slug": "understanding-climate-change",
    "author": 2,
    "body": "Climate change is one of the most pressing issues of our time. \r\n\r\nThis article provides an overview of climate change, \r\n\r\nits causes, and the steps we can take to mitigate its impact on the planet.\r\n\r\nThis is so nice and I Understand ho linebreaks works now",
    "publish": "2024-08-20T13:34:06Z",
    "created": "2024-08-20T13:34:25.006Z",
    "updated": "2024-09-01T11:15:54.719Z",
    "status": "PB"
  }
},
{
  "model": "blogApp.post",
  "pk": 6,
  "fields": {
    "title": "The Benefits of Urban Gardening",
    "slug": "the-benefits-of-urban-gardening",
    "author": 2,
    "body": "Urban gardening is becoming a popular trend in cities around the world. Not only does it provide fresh produce, but it also promotes sustainability and mental well-being. This article explores how you can start your own urban garden with minimal space.",
    "publish": "2024-08-20T13:34:25Z",
    "created": "2024-08-20T13:34:47.450Z",
    "updated": "2024-08-20T13:34:47.450Z",
    "status": "PB"
  }
},
{
  "model": "blogApp.post",
  "pk": 7,
  "fields": {
    "title": "The Rise of Electric Vehicles",
    "slug": "the-rise-of-electric-vehicles",
    "author": 2,
    "body": "As the world shifts towards renewable energy, electric vehicles (EVs) are gaining traction. This post discusses the environmental and economic impacts of EVs and what the future holds for this technology.",
    "publish": "2024-08-20T13:34:47Z",
    "created": "2024-08-20T13:35:07.098Z",
    "updated": "2024-08-20T13:35:07.098Z",
    "status": "PB"
  }
},
{
  "model": "blogApp.post",
  "pk": 8,
  "fields": {
    "title": "The Importance of Mental Health Awareness",
    "slug": "the-importance-of-mental-health-awareness",
    "author": 2,
    "body": "Mental health is just as important as physical health, yet it often goes unnoticed. This post sheds light on the significance of mental health awareness and offers tips for maintaining mental well-being.",
    "publish": "2024-08-20T13:35:07Z",
    "created": "2024-08-20T13:35:30.008Z",
    "updated": "2024-09-02T08:36:28.440Z",
    "status": "PB"
  }
},
{
  "model": "blogApp.post",
  "pk": 9,
  "fields": {
    "title": "How to Cook the Perfect Steak",
    "slug": "how-to-cook-the-perfect-steak",
    "author": 2,
    "body": "Cooking a steak to perfection is an art. This guide provides step-by-step instructions on how to achieve the perfect sear, cook to your desired doneness, and enhance flavor with simple seasoning techniques.",
    "publish": "2024-08-20T13:35:30Z",
    "created": "2024-08-20T13:35:48.847Z",
    "updated": "2024-08-20T13:35:48.847Z",
    "status": "PB"
  }
},
{
  "model": "blogApp.post",
  "pk": 10,
  "fields": {
    "title": "The Evolution of Smartphones",
    "slug": "the-evolution-of-smartphones",
    "author": 1,
    "body": "Smartphones have revolutionized the way we communicate, work, and entertain ourselves. This post traces the history of smartphones from their early beginnings to the latest innovations in mobile technology.",
    "publish": "2024-08-20T13:35:48Z",
    "created": "2024-08-20T13:36:07.759Z",
    "updated": "2024-08-20T13:36:07.759Z",
    "status": "PB"
  }
},
{
  "model": "blogApp.post",
  "pk": 11,
  "fields": {
    "title": "Sustainable Fashion: A New Trend",
    "slug": "sustainable-fashion-a-new-trend",
    "author": 1,
    "body": "The fashion industry is notorious for its environmental impact. However, a new wave of sustainable fashion is emerging. This article explores the rise of eco-friendly clothing brands and how consumers can make more sustainable choices.",
    "publish": "2024-08-20T13:36:07Z",
    "created": "2024-08-20T13:36:26.641Z",
    "updated": "2024-08-20T13:36:26.641Z",
    "status": "PB"
  }
},
{
  "model": "blogApp.post",
  "pk": 12,
  "fields": {
    "title": "he Art of Minimalist Living",
    "slug": "he-art-of-minimalist-living",
    "author": 2,
    "body": "Minimalism is more than just a design trend; it’s a lifestyle choice. This post delves into the principles of minimalist living and how it can lead to a more fulfilling and clutter-free life.",
    "publish": "2024-08-20T13:36:26Z",
    "created": "2024-08-20T13:36:48.183Z",
    "updated": "2024-08-20T13:36:48.183Z",
    "status": "PB"
  }
},
{
  "model": "blogApp.post",
  "pk": 13,
  "fields": {
    "title": "Exploring the Wonders of Space",
    "slug": "exploring-the-wonders-of-space",
    "author": 2,
    "body": "Space exploration has always fascinated humanity. This article takes readers on a journey through the wonders of space, from the mysteries of black holes to the possibility of life on other planets.",
    "publish": "2024-08-20T13:36:48Z",
    "created": "2024-08-20T13:37:10.494Z",
    "updated": "2024-08-20T13:37:10.494Z",
    "status": "PB"
  }
},
{
  "model": "blogApp.post",
  "pk": 14,
  "fields": {
    "title": "The Future of Remote Work",
    "slug": "the-future-of-remote-work",
    "author": 2,
    "body": "The COVID-19 pandemic has accelerated the shift towards remote work. This post examines the future of work in a post-pandemic world and the implications for businesses and employees alike.",
    "publish": "2024-08-20T13:37:10Z",
    "created": "2024-08-20T13:37:30.567Z",
    "updated": "2024-09-02T08:34:55.977Z",
    "status": "PB"
  }
},
{
  "model": "blogApp.post",
  "pk": 15,
  "fields": {
    "title": "The Impact of Social Media on Society",
    "slug": "the-impact-of-social-media-on-society",
    "author": 2,
    "body": "Social media has transformed the way we connect with others, but it has also brought challenges. This article explores the positive and negative impacts of social media on society and offers tips for responsible usage.",
    "publish": "2024-08-20T13:37:30Z",
    "created": "2024-08-20T13:37:49.168Z",
    "updated": "2024-08-20T13:37:49.168Z",
    "status": "PB"
  }
},
{
  "model": "blogApp.post",
  "pk": 16,
  "fields": {
    "title": "The Science Behind Healthy Eating",
    "slug": "the-science-behind-healthy-eating",
    "author": 2,
    "body": "Healthy eating is more than just a diet; it’s a science. This post breaks down the nutritional science behind healthy eating and offers practical tips for incorporating balanced meals into your daily routine.",
    "publish": "2024-08-20T13:37:49Z",
    "created": "2024-08-20T13:38:10.507Z",
    "updated": "2024-09-02T08:36:15.149Z",
    "status": "PB"
  }
},
{
  "model": "blogApp.post",
  "pk": 17,
  "fields": {
    "title": "The Role of Technology in Education",
    "slug": "the-role-of-technology-in-education",
    "author": 2,
    "body": "Technology is reshaping the education landscape. From online learning platforms to AI-driven personalized education, this post explores the role of technology in modern education and its potential to revolutionize learning.",
    "publish": "2024-08-20T13:38:10Z",
    "created": "2024-08-20T13:38:29.841Z",
    "updated": "2024-09-02T08:35:09.982Z",
    "status": "PB"
  }
},
{
  "model": "blogApp.post",
  "pk": 18,
  "fields": {
    "title": "Markdown post",
    "slug": "markdown-post",
    "author": 1,
    "body": "This is a post formatted with markdown\r\n-------------------------------------------------------------\r\n\r\n*This is emphasized* and **this is more emphasized**\r\n\r\nHere is a list:\r\n\r\n* One\r\n* Two\r\n* Three\r\n\r\nAnd a [link to the Django website](https://www.dhangoproject.com/).",
    "publish": "2024-09-03T21:34:51Z",
    "created": "2024-09-03T21:37:28.552Z",
    "updated": "2024-09-03T21:39:01.242Z",
    "status": "PB"
  }
},
{
  "model": "blogApp.comment",
  "pk": 1,
  "fields": {
    "post": 15,
    "name": "Ysf",
    "email": "hakeemyusuff19@gmail.com",
    "body": "The disadvantages of social media outweigh the advantages.",
    "created": "2024-08-28T16:39:37.188Z",
    "updated": "2024-08-28T16:39:37.188Z",
    "active": true
  }
},
{
  "model": "blogApp.comment",
  "pk": 2,
  "fields": {
    "post": 15,
    "name": "Uthman",
    "email": "client@company.com",
    "body": "sdfghjkl;jhgfgcvhbjnkl;jhgfcxfcvbnmmnvcxvb ytuybiuyiut yut ytu ytyuyui yu uuyyiuy",
    "created": "2024-08-28T16:43:47.469Z",
    "updated": "2024-08-28T16:46:34.207Z",
    "active": false
  }
},
{
  "model": "blogApp.comment",
  "pk": 3,
  "fields": {
    "post": 5,
    "name": "Yusuff",
    "email": "client@company.com",
    "body": "This is an in-depth knowledge of climate change.\r\n\r\nI would love to read more articles on this  topic.",
    "created": "2024-09-01T11:59:07.654Z",
    "updated": "2024-09-01T11:59:07.654Z",
    "active": true
  }
},
{
  "model": "blogApp.comment",
  "pk": 4,
  "fields": {
    "post": 5,
    "name": "Uthman",
    "email": "ysf@qa.team",
    "body": "climate change",
    "created": "2024-09-01T12:00:23.878Z",
    "updated": "2024-09-01T12:00:23.878Z",
    "active": true
  }
},
{
  "model": "blogApp.comment",
  "pk": 5,
  "fields": {
    "post": 5,
    "name": "Ysf",
    "email": "ysf@qa.team",
    "body": "Let's see what'll happen",
    "created": "2024-09-01T12:05:35.711Z",
    "updated": "2024-09-01T12:05:35.711Z",
    "active": true
  }
},
{
  "model": "blogApp.comment",
  "pk": 6,
  "fields": {
    "post": 5,
    "name": "Yusuff",
    "email": "ysf@qa.team",
    "body": ".",
    "created": "2024-09-01T12:12:46.231Z",
    "updated": "2024-09-01T12:12:46.231Z",
    "active": true
  }
}
]
